Network_Name,Number_of_Nodes,Edge_Type,Node_Type,Network_Type,Source_URL,Description,Notes,directed,valued_edges,proportion_nonzero_edges,average_edge_value,contains_NA_edges
Girls' Friendships 1,50,friendship,student,friendship,https://sites.google.com/site/ucinetsoftware/datasets/50women,This is a friendship network of a cohort of girls attending a school in Western Scotland. Girls were asked to nominate up to 12 best friends and also surveyed about their substance use and sports participation. This is the first wave out of three data waves.,NA,TRUE,FALSE,0.046122449,0.046122449,FALSE
Girls' Friendships 2,50,friendship,student,friendship,https://sites.google.com/site/ucinetsoftware/datasets/50women,This is a friendship network of a cohort of girls attending a school in Western Scotland. Girls were asked to nominate up to 12 best friends and also surveyed about their substance use and sports participation. This is the second wave out of three data waves.,NA,TRUE,FALSE,0.047346939,0.047346939,FALSE
Girls' Friendships 3,50,friendship,student,friendship,https://sites.google.com/site/ucinetsoftware/datasets/50women,This is a friendship network of a cohort of girls attending a school in Western Scotland. Girls were asked to nominate up to 12 best friends and also surveyed about their substance use and sports participation. This is the third wave out of three data waves.,NA,TRUE,FALSE,0.049795918,0.049795918,FALSE
Fraternity Interactions 1,58,communication,student,association,https://sites.google.com/site/ucinetsoftware/datasets/bernardkillworthfraternity,"This is a network of interactions among students living in a fraternity at a West Virginia college. An observer recorded the number of times a pair of subjects were seen in conversation by walking through the public areas of the building every fifteen minutes, 21 hours a day, for five days.",NA,TRUE,TRUE,0.584996975,1.926194797,FALSE
Fraternity Interactions 2,58,communication,student,association,https://sites.google.com/site/ucinetsoftware/datasets/bernardkillworthfraternity,"This is a network of interactions among students living in a fraternity at a West Virginia college. An observer recorded the number of times a pair of subjects were seen in conversation by walking through the public areas of the building every fifteen minutes, 21 hours a day, for five days.",NA,TRUE,TRUE,1,2.95523291,FALSE
Radio Calls 1,44,communication,operator,friendship,https://sites.google.com/site/ucinetsoftware/datasets/bernardkillworthhamradio,"This network records amateur HAM radio calls made over a one-month period, as monitored by a voice-activated recording device. ",NA,TRUE,TRUE,0.161733615,0.671247357,FALSE
Radio Calls 2,44,communication,operator,friendship,https://sites.google.com/site/ucinetsoftware/datasets/bernardkillworthhamradio,"This network records amateur HAM radio operators perceptions of how frequently they talked to other operators, judged retrospectively at the end of the one-month sampling period. A value of 0 meaning no interaction up to a maximum of 9.",NA,TRUE,TRUE,0.328224101,1.007399577,FALSE
Office Interactions 1,40,communication,employee,association,https://sites.google.com/site/ucinetsoftware/datasets/bernardkillworthoffice,This network includes the observed frequency of interactions in a small business office. Observations were made as the observer patrolled a fixed route through the office every fifteen minutes during two four-day periods. ,NA,TRUE,TRUE,0.305128205,0.766666667,FALSE
Office Interactions 2,40,communication,employee,association,https://sites.google.com/site/ucinetsoftware/datasets/bernardkillworthoffice,"This network includes rankings of interaction frequency as recalled by the employees in a small business office over the two-week period. The rankings go from 1 for the most frequent to 39 for the least frequent.",NA,TRUE,TRUE,0.998717949,20.09102564,FALSE
Research Group 1,34,communication,researcher,association,https://sites.google.com/site/ucinetsoftware/datasets/bernardkillworthtechnical,"This network concerns  frequency record of interactions, made by an observer every half-hour during one five-day work week in a technical research group at a West Virginia university. ",NA,TRUE,TRUE,0.311942959,0.786096257,FALSE
Research Group 2,34,communication,researcher,association,https://sites.google.com/site/ucinetsoftware/datasets/bernardkillworthtechnical,This network concerns the personal rankings of the remembered frequency of interactions in one five-day work week in a technical research group at a West Virginia university. The rankings go from 1 for the most frequent up to 36 for the least frequent.,NA,TRUE,TRUE,1,17.70142602,FALSE
Conference Likes 1,18,communication,participants,association,https://sites.google.com/site/ucinetsoftware/datasets/camp92,"This is an interaction network from a three week conference where participants were asked to rank how often they interacted with one another. A 1 indicates the person the interacted with the most, 17 indicates the person they interacted with the least. This data is from the first of two waves.",NA,TRUE,TRUE,1,9,FALSE
Conference Likes 2,18,communication,participants,association,https://sites.google.com/site/ucinetsoftware/datasets/camp92,"This is an interaction network from a three week conference where participants were asked to rank how often they interacted with one another. A 1 indicates the person the interacted with the most, 17 indicates the person they interacted with the least. This data is from the second of two waves.",NA,TRUE,TRUE,1,9,FALSE
Trade 1,24,trade ,country,exchange,https://sites.google.com/site/ucinetsoftware/datasets/countriestradedata,This is a trade matrix for manufactured goods. All trade is from row to column.,NA,TRUE,FALSE,0.561594203,0.561594203,FALSE
Trade 2,24,trade ,country,exchange,https://sites.google.com/site/ucinetsoftware/datasets/countriestradedata,This is a trade matrix for food/live animals goods. All trade is from row to column.,NA,TRUE,FALSE,0.55615942,0.55615942,FALSE
Trade 3,24,trade ,country,exchange,https://sites.google.com/site/ucinetsoftware/datasets/countriestradedata,This is a trade matrix for crude materials. All trade is from row to column.,NA,TRUE,FALSE,0.55615942,0.55615942,FALSE
Trade 4,24,trade ,country,exchange,https://sites.google.com/site/ucinetsoftware/datasets/countriestradedata,This is a trade matrix for minerals and fuel. All trade is from row to column.,NA,TRUE,FALSE,0.244565217,0.244565217,FALSE
Diplomacy ,24,diplomacy,country,association,https://sites.google.com/site/ucinetsoftware/datasets/countriestradedata,This is a matrix of exchange between diplomats. All diplomacy is from row to column.,NA,TRUE,FALSE,0.668478261,0.668478261,FALSE
Academic Friendship 1,32,friendship,academics,friendship,https://sites.google.com/site/ucinetsoftware/datasets/freemanseiesdata,"This is a friendship matrix that is coded as follows: 4 = close personal friend, 3= friend, 2= person I've met, 1 = person I've heard of but not met, and 0 = person unknown to me. This is the first of two waves.",NA,TRUE,TRUE,0.463709677,15.6391129,FALSE
Academic Friendship 2,32,friendship,academics,friendship,https://sites.google.com/site/ucinetsoftware/datasets/freemanseiesdata,"This is a friendship matrix that is coded as follows: 4 = close personal friend, 3= friend, 2= person I've met, 1 = person I've heard of but not met, and 0 = person unknown to me. This is the second of two waves.",NA,TRUE,TRUE,0.765120968,1.680443548,FALSE
Email Communication,32,communication,academics,exchange,https://sites.google.com/site/ucinetsoftware/datasets/freemanseiesdata,This is a matrix of communication on an Electronic Information Exchange System (EIES).Each cell indicates how many electronic messages were sent.,NA,TRUE,TRUE,0.463709677,15.6391129,FALSE
Prisoner Friendships,67,friendship,prisoners,friendship,https://sites.google.com/site/ucinetsoftware/datasets/gagnonmacraeprison,This is a friendship matrix of prisoners collected in the 1950s.,NA,TRUE,FALSE,0.041157847,0.041157847,FALSE
Miner Interactions 1,15,interaction,employee,association,https://sites.google.com/site/ucinetsoftware/datasets/kapferermine,This is a network of multi-relation interactions among a group of miners in Zambia.,NA,TRUE,FALSE,0.238095238,0.238095238,FALSE
Miner Interactions 2,15,interaction,employee,association,https://sites.google.com/site/ucinetsoftware/datasets/kapferermine,This is a network of uni-relation interactions among a group of miners in Zambia.,NA,TRUE,FALSE,0.238095238,0.238095238,FALSE
Tailor Shop Interactions 1,39,interaction,employee,friendship,https://sites.google.com/site/ucinetsoftware/datasets/kapferertailorshop,"This is a network of  ""sociational"" (friendship, socioemotional) interactions in a tailor shop in Zambia. This is the first of two waves. An abortive strike happened after this wave.",NA,TRUE,FALSE,0.213225371,0.213225371,FALSE
Tailor Shop Interactions 2,39,interaction,employee,friendship,https://sites.google.com/site/ucinetsoftware/datasets/kapferertailorshop,"This is a network of  ""sociational"" (friendship, socioemotional) interactions in a tailor shop in Zambia. This is the second of two waves. A succesful strike happened after this wave.",NA,TRUE,FALSE,0.300944669,0.300944669,FALSE
Tailor Shop Interactions 3,39,interaction,employee,support,https://sites.google.com/site/ucinetsoftware/datasets/kapferertailorshop,"This is a network of  ""instrumental"" (work- and assistance-related) interactions in a tailor shop in Zambia. This is the first of two waves. An abortive strike happened after this wave.",NA,TRUE,FALSE,0.073549258,0.073549258,FALSE
Tailor Shop Interactions 4,39,interaction,employee,support,https://sites.google.com/site/ucinetsoftware/datasets/kapferertailorshop,"This is a network of  ""instrumental"" (work- and assistance-related) interactions in a tailor shop in Zambia. This is the second of two waves. A succesful strike happened after this wave.",NA,TRUE,FALSE,0.099190283,0.099190283,FALSE
Organizations Information,10,interaction,organizations,exchange,https://sites.google.com/site/ucinetsoftware/datasets/knokebureaucracies,This is a network of information exchange between organizations.,NA,TRUE,FALSE,0.544444444,0.544444444,FALSE
Organizations Monetary,10,interaction,organizations,exchange,https://sites.google.com/site/ucinetsoftware/datasets/knokebureaucracies,This is a network of monetary exchange between networks. ,NA,TRUE,FALSE,0.244444444,0.244444444,FALSE
Managers Advice 1,21,communication,manager,support,https://sites.google.com/site/ucinetsoftware/datasets/krackhardthigh-techmanagers,This is an advice giving network. A tie indicates that the row manager goes to the column manager for advice.,NA,TRUE,FALSE,0.452380952,0.452380952,FALSE
Managers Friendship 1,21,friendship,manager,friendship,https://sites.google.com/site/ucinetsoftware/datasets/krackhardthigh-techmanagers,This s a a friendship network. Managers were asked who their friends were.,NA,TRUE,FALSE,0.047619048,0.047619048,FALSE
Managers Interaction,21,interaction,manager,ecological,https://sites.google.com/site/ucinetsoftware/datasets/krackhardthigh-techmanagers,In this network a tie represents that the row manager reports to the column manager,NA,TRUE,FALSE,0.047619048,0.047619048,FALSE
Managers Advice 2,21,communication,manager,support,https://sites.google.com/site/ucinetsoftware/datasets/krackhardtofficecss,This network is based of cognitive social structure data. Each manager was asked to construct an advice giving network for all of the managers in the company. This is one of the managers perceptions of the advice giving network.,NA,TRUE,FALSE,0.65952381,0.65952381,FALSE
Managers Advice 3,21,communication,manager,support,https://sites.google.com/site/ucinetsoftware/datasets/krackhardtofficecss,This network is based of cognitive social structure data. Each manager was asked to construct an advice giving network for all of the managers in the company. This is one of the managers perceptions of the advice giving network.,NA,TRUE,FALSE,0.261904762,0.261904762,FALSE
Managers Advice 4,21,communication,manager,support,https://sites.google.com/site/ucinetsoftware/datasets/krackhardtofficecss,This network is based of cognitive social structure data. Each manager was asked to construct an advice giving network for all of the managers in the company. This is one of the managers perceptions of the advice giving network.,NA,TRUE,FALSE,0.454761905,0.454761905,FALSE
Managers Advice 5,21,communication,manager,support,https://sites.google.com/site/ucinetsoftware/datasets/krackhardtofficecss,This network is based of cognitive social structure data. Each manager was asked to construct an advice giving network for all of the managers in the company. This is one of the managers perceptions of the advice giving network.,NA,TRUE,FALSE,0.473809524,0.473809524,FALSE
Managers Advice 6,21,communication,manager,support,https://sites.google.com/site/ucinetsoftware/datasets/krackhardtofficecss,This network is based of cognitive social structure data. Each manager was asked to construct an advice giving network for all of the managers in the company. This is one of the managers perceptions of the advice giving network.,NA,TRUE,FALSE,0.452380952,0.452380952,FALSE
Managers Advice 7,21,communication,manager,support,https://sites.google.com/site/ucinetsoftware/datasets/krackhardtofficecss,This network is based of cognitive social structure data. Each manager was asked to construct an advice giving network for all of the managers in the company. This is one of the managers perceptions of the advice giving network.,NA,TRUE,FALSE,0.123809524,0.123809524,FALSE
Managers Advice 8,21,communication,manager,support,https://sites.google.com/site/ucinetsoftware/datasets/krackhardtofficecss,This network is based of cognitive social structure data. Each manager was asked to construct an advice giving network for all of the managers in the company. This is one of the managers perceptions of the advice giving network.,NA,TRUE,FALSE,0.373809524,0.373809524,FALSE
Managers Advice 9,21,communication,manager,support,https://sites.google.com/site/ucinetsoftware/datasets/krackhardtofficecss,This network is based of cognitive social structure data. Each manager was asked to construct an advice giving network for all of the managers in the company. This is one of the managers perceptions of the advice giving network.,NA,TRUE,FALSE,0.319047619,0.319047619,FALSE
Managers Advice 10,21,communication,manager,support,https://sites.google.com/site/ucinetsoftware/datasets/krackhardtofficecss,This network is based of cognitive social structure data. Each manager was asked to construct an advice giving network for all of the managers in the company. This is one of the managers perceptions of the advice giving network.,NA,TRUE,FALSE,0.366666667,0.366666667,FALSE
Managers Advice 11,21,communication,manager,support,https://sites.google.com/site/ucinetsoftware/datasets/krackhardtofficecss,This network is based of cognitive social structure data. Each manager was asked to construct an advice giving network for all of the managers in the company. This is one of the managers perceptions of the advice giving network.,NA,TRUE,FALSE,0.357142857,0.357142857,FALSE
Managers Advice 12,21,communication,manager,support,https://sites.google.com/site/ucinetsoftware/datasets/krackhardtofficecss,This network is based of cognitive social structure data. Each manager was asked to construct an advice giving network for all of the managers in the company. This is one of the managers perceptions of the advice giving network.,NA,TRUE,FALSE,0.183333333,0.183333333,FALSE
Managers Advice 13,21,communication,manager,support,https://sites.google.com/site/ucinetsoftware/datasets/krackhardtofficecss,This network is based of cognitive social structure data. Each manager was asked to construct an advice giving network for all of the managers in the company. This is one of the managers perceptions of the advice giving network.,NA,TRUE,FALSE,0.311904762,0.311904762,FALSE
Managers Advice 14,21,communication,manager,support,https://sites.google.com/site/ucinetsoftware/datasets/krackhardtofficecss,This network is based of cognitive social structure data. Each manager was asked to construct an advice giving network for all of the managers in the company. This is one of the managers perceptions of the advice giving network.,NA,TRUE,FALSE,0.116666667,0.116666667,FALSE
Managers Advice 15,21,communication,manager,support,https://sites.google.com/site/ucinetsoftware/datasets/krackhardtofficecss,This network is based of cognitive social structure data. Each manager was asked to construct an advice giving network for all of the managers in the company. This is one of the managers perceptions of the advice giving network.,NA,TRUE,FALSE,0.328571429,0.328571429,FALSE
Managers Advice 16,21,communication,manager,support,https://sites.google.com/site/ucinetsoftware/datasets/krackhardtofficecss,This network is based of cognitive social structure data. Each manager was asked to construct an advice giving network for all of the managers in the company. This is one of the managers perceptions of the advice giving network.,NA,TRUE,FALSE,0.24047619,0.24047619,FALSE
Managers Advice 17,21,communication,manager,support,https://sites.google.com/site/ucinetsoftware/datasets/krackhardtofficecss,This network is based of cognitive social structure data. Each manager was asked to construct an advice giving network for all of the managers in the company. This is one of the managers perceptions of the advice giving network.,NA,TRUE,FALSE,0.116666667,0.116666667,FALSE
Managers Advice 18,21,communication,manager,support,https://sites.google.com/site/ucinetsoftware/datasets/krackhardtofficecss,This network is based of cognitive social structure data. Each manager was asked to construct an advice giving network for all of the managers in the company. This is one of the managers perceptions of the advice giving network.,NA,TRUE,FALSE,0.102380952,0.102380952,FALSE
Managers Advice 19,21,communication,manager,support,https://sites.google.com/site/ucinetsoftware/datasets/krackhardtofficecss,This network is based of cognitive social structure data. Each manager was asked to construct an advice giving network for all of the managers in the company. This is one of the managers perceptions of the advice giving network.,NA,TRUE,FALSE,0.342857143,0.342857143,FALSE
Managers Advice 20,21,communication,manager,support,https://sites.google.com/site/ucinetsoftware/datasets/krackhardtofficecss,This network is based of cognitive social structure data. Each manager was asked to construct an advice giving network for all of the managers in the company. This is one of the managers perceptions of the advice giving network.,NA,TRUE,FALSE,0.25,0.25,FALSE
Managers Advice 21,21,communication,manager,support,https://sites.google.com/site/ucinetsoftware/datasets/krackhardtofficecss,This network is based of cognitive social structure data. Each manager was asked to construct an advice giving network for all of the managers in the company. This is one of the managers perceptions of the advice giving network.,NA,TRUE,FALSE,0.204761905,0.204761905,FALSE
Managers Advice 22,21,communication,manager,support,https://sites.google.com/site/ucinetsoftware/datasets/krackhardtofficecss,This network is based of cognitive social structure data. Each manager was asked to construct an advice giving network for all of the managers in the company. This is one of the managers perceptions of the advice giving network.,NA,TRUE,FALSE,0.471428571,0.471428571,FALSE
Managers Friendship 2,21,friendship,manager,friendship,https://sites.google.com/site/ucinetsoftware/datasets/krackhardtofficecss,This network is based of cognitive social structure data. Each manager was asked to construct a friendship network for all of the managers in the company. This is one of the managers perceptions of the friendship  network.,NA,TRUE,FALSE,0.142857143,0.142857143,FALSE
Managers Friendship 3,21,friendship,manager,friendship,https://sites.google.com/site/ucinetsoftware/datasets/krackhardtofficecss,This network is based of cognitive social structure data. Each manager was asked to construct a friendship network for all of the managers in the company. This is one of the managers perceptions of the friendship  network.,NA,TRUE,FALSE,0.05,0.05,FALSE
Managers Friendship 4,21,friendship,manager,friendship,https://sites.google.com/site/ucinetsoftware/datasets/krackhardtofficecss,This network is based of cognitive social structure data. Each manager was asked to construct a friendship network for all of the managers in the company. This is one of the managers perceptions of the friendship  network.,NA,TRUE,FALSE,0.016666667,0.016666667,FALSE
Managers Friendship 5,21,friendship,manager,friendship,https://sites.google.com/site/ucinetsoftware/datasets/krackhardtofficecss,This network is based of cognitive social structure data. Each manager was asked to construct a friendship network for all of the managers in the company. This is one of the managers perceptions of the friendship  network.,NA,TRUE,FALSE,0.085714286,0.085714286,FALSE
Managers Friendship 6,21,friendship,manager,friendship,https://sites.google.com/site/ucinetsoftware/datasets/krackhardtofficecss,This network is based of cognitive social structure data. Each manager was asked to construct a friendship network for all of the managers in the company. This is one of the managers perceptions of the friendship  network.,NA,TRUE,FALSE,0.164285714,0.164285714,FALSE
Managers Friendship 7,21,friendship,manager,friendship,https://sites.google.com/site/ucinetsoftware/datasets/krackhardtofficecss,This network is based of cognitive social structure data. Each manager was asked to construct a friendship network for all of the managers in the company. This is one of the managers perceptions of the friendship  network.,NA,TRUE,FALSE,0.069047619,0.069047619,FALSE
Managers Friendship 8,21,friendship,manager,friendship,https://sites.google.com/site/ucinetsoftware/datasets/krackhardtofficecss,This network is based of cognitive social structure data. Each manager was asked to construct a friendship network for all of the managers in the company. This is one of the managers perceptions of the friendship  network.,NA,TRUE,FALSE,0.185714286,0.185714286,FALSE
Managers Friendship 9,21,friendship,manager,friendship,https://sites.google.com/site/ucinetsoftware/datasets/krackhardtofficecss,This network is based of cognitive social structure data. Each manager was asked to construct a friendship network for all of the managers in the company. This is one of the managers perceptions of the friendship  network.,NA,TRUE,FALSE,0.011904762,0.011904762,FALSE
Managers Friendship 10,21,friendship,manager,friendship,https://sites.google.com/site/ucinetsoftware/datasets/krackhardtofficecss,This network is based of cognitive social structure data. Each manager was asked to construct a friendship network for all of the managers in the company. This is one of the managers perceptions of the friendship  network.,NA,TRUE,FALSE,0.011904762,0.011904762,FALSE
Managers Friendship 11,21,friendship,manager,friendship,https://sites.google.com/site/ucinetsoftware/datasets/krackhardtofficecss,This network is based of cognitive social structure data. Each manager was asked to construct a friendship network for all of the managers in the company. This is one of the managers perceptions of the friendship  network.,NA,TRUE,FALSE,0.169047619,0.169047619,FALSE
Managers Friendship 12,21,friendship,manager,friendship,https://sites.google.com/site/ucinetsoftware/datasets/krackhardtofficecss,This network is based of cognitive social structure data. Each manager was asked to construct a friendship network for all of the managers in the company. This is one of the managers perceptions of the friendship  network.,NA,TRUE,FALSE,0.169047619,0.169047619,FALSE
Managers Friendship 13,21,friendship,manager,friendship,https://sites.google.com/site/ucinetsoftware/datasets/krackhardtofficecss,This network is based of cognitive social structure data. Each manager was asked to construct a friendship network for all of the managers in the company. This is one of the managers perceptions of the friendship  network.,NA,TRUE,FALSE,0.064285714,0.064285714,FALSE
Managers Friendship 14,21,friendship,manager,friendship,https://sites.google.com/site/ucinetsoftware/datasets/krackhardtofficecss,This network is based of cognitive social structure data. Each manager was asked to construct a friendship network for all of the managers in the company. This is one of the managers perceptions of the friendship  network.,NA,TRUE,FALSE,0.078571429,0.078571429,FALSE
Managers Friendship 15,21,friendship,manager,friendship,https://sites.google.com/site/ucinetsoftware/datasets/krackhardtofficecss,This network is based of cognitive social structure data. Each manager was asked to construct a friendship network for all of the managers in the company. This is one of the managers perceptions of the friendship  network.,NA,TRUE,FALSE,0.114285714,0.114285714,FALSE
Managers Friendship 16,21,friendship,manager,friendship,https://sites.google.com/site/ucinetsoftware/datasets/krackhardtofficecss,This network is based of cognitive social structure data. Each manager was asked to construct a friendship network for all of the managers in the company. This is one of the managers perceptions of the friendship  network.,NA,TRUE,FALSE,0.080952381,0.080952381,FALSE
Managers Friendship 17,21,friendship,manager,friendship,https://sites.google.com/site/ucinetsoftware/datasets/krackhardtofficecss,This network is based of cognitive social structure data. Each manager was asked to construct a friendship network for all of the managers in the company. This is one of the managers perceptions of the friendship  network.,NA,TRUE,FALSE,0.05952381,0.05952381,FALSE
Managers Friendship 18,21,friendship,manager,friendship,https://sites.google.com/site/ucinetsoftware/datasets/krackhardtofficecss,This network is based of cognitive social structure data. Each manager was asked to construct a friendship network for all of the managers in the company. This is one of the managers perceptions of the friendship  network.,NA,TRUE,FALSE,0.097619048,0.097619048,FALSE
Managers Friendship 19,21,friendship,manager,friendship,https://sites.google.com/site/ucinetsoftware/datasets/krackhardtofficecss,This network is based of cognitive social structure data. Each manager was asked to construct a friendship network for all of the managers in the company. This is one of the managers perceptions of the friendship  network.,NA,TRUE,FALSE,0.05,0.05,FALSE
Managers Friendship 20,21,friendship,manager,friendship,https://sites.google.com/site/ucinetsoftware/datasets/krackhardtofficecss,This network is based of cognitive social structure data. Each manager was asked to construct a friendship network for all of the managers in the company. This is one of the managers perceptions of the friendship  network.,NA,TRUE,FALSE,0.176190476,0.176190476,FALSE
Managers Friendship 21,21,friendship,manager,friendship,https://sites.google.com/site/ucinetsoftware/datasets/krackhardtofficecss,This network is based of cognitive social structure data. Each manager was asked to construct a friendship network for all of the managers in the company. This is one of the managers perceptions of the friendship  network.,NA,TRUE,FALSE,0.023809524,0.023809524,FALSE
Managers Friendship 22,21,friendship,manager,friendship,https://sites.google.com/site/ucinetsoftware/datasets/krackhardtofficecss,This network is based of cognitive social structure data. Each manager was asked to construct a friendship network for all of the managers in the company. This is one of the managers perceptions of the friendship  network.,NA,TRUE,FALSE,0.119047619,0.119047619,FALSE
Fraterninty Preferences 1,17,friendship,student,friendship,https://sites.google.com/site/ucinetsoftware/datasets/newcombfraternity,This is a valued network of fraternity brothers who were living together in a house. They were asked to rank their peers in order of their preferences. A score of 1 means that brother was the respondents' first choice. A score of 17 means that brother was the respondents' last choice. This is the network observed in week 1. ,NA,TRUE,TRUE,1,8.5,FALSE
Fraterninty Preferences 2,17,friendship,student,friendship,https://sites.google.com/site/ucinetsoftware/datasets/newcombfraternity,This is a valued network of fraternity brothers who were living together in a house. They were asked to rank their peers in order of their preferences. A score of 1 means that brother was the respondents' first choice. A score of 17 means that brother was the respondents' last choice. This is the network observed in week 2. ,NA,TRUE,TRUE,1,8.5,FALSE
Fraterninty Preferences 3,17,friendship,student,friendship,https://sites.google.com/site/ucinetsoftware/datasets/newcombfraternity,This is a valued network of fraternity brothers who were living together in a house. They were asked to rank their peers in order of their preferences. A score of 1 means that brother was the respondents' first choice. A score of 17 means that brother was the respondents' last choice. This is the network observed in week 3. ,NA,TRUE,TRUE,1,8.5,FALSE
Fraterninty Preferences 4,17,friendship,student,friendship,https://sites.google.com/site/ucinetsoftware/datasets/newcombfraternity,This is a valued network of fraternity brothers who were living together in a house. They were asked to rank their peers in order of their preferences. A score of 1 means that brother was the respondents' first choice. A score of 17 means that brother was the respondents' last choice. This is the network observed in week 4. ,NA,TRUE,TRUE,1,8.5,FALSE
Fraterninty Preferences 5,17,friendship,student,friendship,https://sites.google.com/site/ucinetsoftware/datasets/newcombfraternity,This is a valued network of fraternity brothers who were living together in a house. They were asked to rank their peers in order of their preferences. A score of 1 means that brother was the respondents' first choice. A score of 17 means that brother was the respondents' last choice. This is the network observed in week 5. ,NA,TRUE,TRUE,1,8.5,FALSE
Fraterninty Preferences 6,17,friendship,student,friendship,https://sites.google.com/site/ucinetsoftware/datasets/newcombfraternity,This is a valued network of fraternity brothers who were living together in a house. They were asked to rank their peers in order of their preferences. A score of 1 means that brother was the respondents' first choice. A score of 17 means that brother was the respondents' last choice. This is the network observed in week 6. ,NA,TRUE,TRUE,1,8.5,FALSE
Fraterninty Preferences 7,17,friendship,student,friendship,https://sites.google.com/site/ucinetsoftware/datasets/newcombfraternity,This is a valued network of fraternity brothers who were living together in a house. They were asked to rank their peers in order of their preferences. A score of 1 means that brother was the respondents' first choice. A score of 17 means that brother was the respondents' last choice. This is the network observed in week 7. ,NA,TRUE,TRUE,1,8.5,FALSE
Fraterninty Preferences 8,17,friendship,student,friendship,https://sites.google.com/site/ucinetsoftware/datasets/newcombfraternity,This is a valued network of fraternity brothers who were living together in a house. They were asked to rank their peers in order of their preferences. A score of 1 means that brother was the respondents' first choice. A score of 17 means that brother was the respondents' last choice. This is the network observed in week 8. ,NA,TRUE,TRUE,1,8.5,FALSE
Fraterninty Preferences 9,17,friendship,student,friendship,https://sites.google.com/site/ucinetsoftware/datasets/newcombfraternity,This is a valued network of fraternity brothers who were living together in a house. They were asked to rank their peers in order of their preferences. A score of 1 means that brother was the respondents' first choice. A score of 17 means that brother was the respondents' last choice. This is the network observed in week 9. ,NA,TRUE,TRUE,1,8.5,FALSE
Fraterninty Preferences 10,17,friendship,student,friendship,https://sites.google.com/site/ucinetsoftware/datasets/newcombfraternity,This is a valued network of fraternity brothers who were living together in a house. They were asked to rank their peers in order of their preferences. A score of 1 means that brother was the respondents' first choice. A score of 17 means that brother was the respondents' last choice. This is the network observed in week 10. ,NA,TRUE,TRUE,1,8.5,FALSE
Fraterninty Preferences 11,17,friendship,student,friendship,https://sites.google.com/site/ucinetsoftware/datasets/newcombfraternity,This is a valued network of fraternity brothers who were living together in a house. They were asked to rank their peers in order of their preferences. A score of 1 means that brother was the respondents' first choice. A score of 17 means that brother was the respondents' last choice. This is the network observed in week 11. ,NA,TRUE,TRUE,1,8.5,FALSE
Fraterninty Preferences 12,17,friendship,student,friendship,https://sites.google.com/site/ucinetsoftware/datasets/newcombfraternity,This is a valued network of fraternity brothers who were living together in a house. They were asked to rank their peers in order of their preferences. A score of 1 means that brother was the respondents' first choice. A score of 17 means that brother was the respondents' last choice. This is the network observed in week 12. ,NA,TRUE,TRUE,1,8.5,FALSE
Fraterninty Preferences 13,17,friendship,student,friendship,https://sites.google.com/site/ucinetsoftware/datasets/newcombfraternity,This is a valued network of fraternity brothers who were living together in a house. They were asked to rank their peers in order of their preferences. A score of 1 means that brother was the respondents' first choice. A score of 17 means that brother was the respondents' last choice. This is the network observed in week 13. ,NA,TRUE,TRUE,1,8.5,FALSE
Fraterninty Preferences 14,17,friendship,student,friendship,https://sites.google.com/site/ucinetsoftware/datasets/newcombfraternity,This is a valued network of fraternity brothers who were living together in a house. They were asked to rank their peers in order of their preferences. A score of 1 means that brother was the respondents' first choice. A score of 17 means that brother was the respondents' last choice. This is the network observed in week 14. ,NA,TRUE,TRUE,1,8.5,FALSE
Fraterninty Preferences 15,17,friendship,student,friendship,https://sites.google.com/site/ucinetsoftware/datasets/newcombfraternity,This is a valued network of fraternity brothers who were living together in a house. They were asked to rank their peers in order of their preferences. A score of 1 means that brother was the respondents' first choice. A score of 17 means that brother was the respondents' last choice. This is the network observed in week 15. ,NA,TRUE,TRUE,1,8.5,FALSE
Families Marriage,16,marriage,families,exchange,https://sites.google.com/site/ucinetsoftware/datasets/padgettflorentinefamilies,This is a network of marriage alliances among Renaissance Florentine families.,NA,TRUE,FALSE,0.166666667,0.166666667,FALSE
Families Business Ties,16,business ties,families,exchange,https://sites.google.com/site/ucinetsoftware/datasets/padgettflorentinefamilies,This is a network of business ties among Renaissance Florentine families.,NA,TRUE,FALSE,0.125,0.125,FALSE
Tribes Alliances,16,alliance,tribal group,exchange,https://sites.google.com/site/ucinetsoftware/datasets/readhighlandtribes,This is a network of alliance ties among tribal groups in  Eastern Central Highlands of New Guinea.,NA,TRUE,FALSE,0.241666667,0.241666667,FALSE
Tribes Antagonisms,16,antagonism,tribal group,exchange,https://sites.google.com/site/ucinetsoftware/datasets/readhighlandtribes,This is a network of antagonism ties among tribal groups in  Eastern Central Highlands of New Guinea.,NA,TRUE,FALSE,0.241666667,0.241666667,FALSE
Bank Wiring Horseplay,14,horseplay,employee,friendship,https://sites.google.com/site/ucinetsoftware/datasets/roethlisbergerdicksonbankwiringroom,This is a network of employees in a bank wiring room.,NA,TRUE,FALSE,0.307692308,0.307692308,FALSE
Bank Wiring Arguments,14,argument,employee,friendship,https://sites.google.com/site/ucinetsoftware/datasets/roethlisbergerdicksonbankwiringroom,This is a network of employees in a bank wiring room.,NA,TRUE,FALSE,0.208791209,0.208791209,FALSE
Bank Wiring Friendship,14,friendship,employee,friendship,https://sites.google.com/site/ucinetsoftware/datasets/roethlisbergerdicksonbankwiringroom,This is a network of employees in a bank wiring room.,NA,TRUE,FALSE,0.142857143,0.142857143,FALSE
Bank Wiring Antagonism,14,antagonism,employee,friendship,https://sites.google.com/site/ucinetsoftware/datasets/roethlisbergerdicksonbankwiringroom,This is a network of employees in a bank wiring room.,NA,TRUE,FALSE,0.208791209,0.208791209,FALSE
Bank Wiring Help,14,help,employee,support,https://sites.google.com/site/ucinetsoftware/datasets/roethlisbergerdicksonbankwiringroom,This is a network of employees in a bank wiring room.,NA,TRUE,FALSE,0.131868132,0.131868132,FALSE
Bank Wiring Trades,14,trades,employee,exchange,https://sites.google.com/site/ucinetsoftware/datasets/roethlisbergerdicksonbankwiringroom,This is a valued network of employees in a bank wiring room. The value refers to the number of times the employees traded jobs.,NA,TRUE,TRUE,0.038461538,0.269230769,FALSE
Monk Friendship 1,18,friendship,monks,friendship,https://sites.google.com/site/ucinetsoftware/datasets/sampsonmonastery,This is a network of friendship. Monks were asked to name the three peers they liked the most in their monestary. 3 indicates their highest or first choice and 1 their last choice. This is data taken at 1 of 3 waves.,NA,TRUE,TRUE,0.179738562,0.359477124,FALSE
Monk Friendship 2,18,friendship,monks,friendship,https://sites.google.com/site/ucinetsoftware/datasets/sampsonmonastery,This is a network of friendship. Monks were asked to name the three peers they liked the most in their monestary. 3 indicates their highest or first choice and 1 their last choice. This is data taken at 2 of 3 waves.,NA,TRUE,TRUE,0.18627451,0.362745098,FALSE
Monk Friendship 3,18,friendship,monks,friendship,https://sites.google.com/site/ucinetsoftware/datasets/sampsonmonastery,This is a network of friendship. Monks were asked to name the three peers they liked the most in their monestary. 3 indicates their highest or first choice and 1 their last choice. This is data taken at 3 of 3 waves.,NA,TRUE,TRUE,0.183006536,0.362745098,FALSE
Monk Dislike,18,dislike,monks,friendship,https://sites.google.com/site/ucinetsoftware/datasets/sampsonmonastery,This is a network of monks who were asked to name the three peers they disliked the most in their monestary. 3 indicates their highest or first choice and 1 their last choice. ,NA,TRUE,TRUE,0.153594771,0.307189542,FALSE
Monk Esteem,18,esteem,monks,friendship,https://sites.google.com/site/ucinetsoftware/datasets/sampsonmonastery,This is a network of monks who were asked to name the three peers they held in the highest esteem in their monestary. 3 indicates their highest or first choice and 1 their last choice. ,NA,TRUE,TRUE,0.189542484,0.366013072,FALSE
Monk Disesteem,18,disesteem,monks,friendship,https://sites.google.com/site/ucinetsoftware/datasets/sampsonmonastery,This is a network of monks who were asked to name the three peers they held in the lowest esteem in their monestary. 3 indicates their highest or first choice and 1 their last choice. ,NA,TRUE,TRUE,0.189542484,0.366013072,FALSE
Monk Positive Influence,18,positive influence,monks,friendship,https://sites.google.com/site/ucinetsoftware/datasets/sampsonmonastery,This is a network of monks who were asked to name the three peers who were the most positive influences in their monestary. 3 indicates their highest or first choice and 1 their last choice. ,NA,TRUE,TRUE,0.173202614,0.346405229,FALSE
Monk Negative Influence,18,negative influence,monks,friendship,https://sites.google.com/site/ucinetsoftware/datasets/sampsonmonastery,This is a network of monks who were asked to name the three peers who were the most negative influences in their monestary. 3 indicates their highest or first choice and 1 their last choice. ,NA,TRUE,TRUE,0.163398693,0.326797386,FALSE
Monk Praise,18,praise,monks,friendship,https://sites.google.com/site/ucinetsoftware/datasets/sampsonmonastery,This is a network of monks who were asked to name the three peers who they praised the most in their monestary. 3 indicates their highest or first choice and 1 their last choice. ,NA,TRUE,TRUE,0.12745098,0.251633987,FALSE
Monk Blame,18,blame,monks,friendship,https://sites.google.com/site/ucinetsoftware/datasets/sampsonmonastery,This is a network of monks who were asked to name the three peers who they blamed the most in their monestary. 3 indicates their highest or first choice and 1 their last choice. ,NA,TRUE,TRUE,0.133986928,0.264705882,FALSE
Taro Exchange,22,exchange,households,exchange,https://sites.google.com/site/ucinetsoftware/datasets/schwimmertaroexchange,This is a network of Taro exchange among 22 households in a Papuan village.,NA,TRUE,FALSE,0.168831169,0.168831169,FALSE
Corporate Interlocks 1,16,corporate interlocks,businesses,association,https://sites.google.com/site/ucinetsoftware/datasets/stokman-zieglercorporateinterlocks,This is a network of corporate interlocks among the major business entities of the Germany. The network is valued.,NA,TRUE,TRUE,0.5,0.691666667,FALSE
Corporate Interlocks 2,15,corporate interlocks,businesses,association,https://sites.google.com/site/ucinetsoftware/datasets/stokman-zieglercorporateinterlocks,This is a network of corporate interlocks among the major business entities of the Netherlands. The network is valued.,NA,TRUE,TRUE,0.638095238,1.104761905,FALSE
Employee Associations 1,15,associations,employee,association,https://sites.google.com/site/ucinetsoftware/datasets/thurmanoffice,The informal organizational chart of the employees at an office.,NA,TRUE,FALSE,0.161904762,0.161904762,FALSE
Employee Associations 2,15,associations,employee,association,https://sites.google.com/site/ucinetsoftware/datasets/thurmanoffice,The formal organizational chart of the employees at an office.,NA,TRUE,FALSE,0.314285714,0.314285714,FALSE
Monkey Kinship,20,kinship,primate,kinship,https://sites.google.com/site/ucinetsoftware/datasets/wolfeprimates,Kinship network of a troop of monkeys.,NA,TRUE,FALSE,0.039473684,0.039473684,FALSE
Monkey Interaction,20,interaction,primate,friendship,https://sites.google.com/site/ucinetsoftware/datasets/wolfeprimates,Valued interaction network of a troop of monkeys.,NA,TRUE,TRUE,0.952631579,3.889473684,FALSE
Katate Club Binary,34,interaction,members,association,https://sites.google.com/site/ucinetsoftware/datasets/zacharykarateclub,Network of interaction ties within a karate club,NA,TRUE,FALSE,0.139037433,0.139037433,FALSE
Karate Club Valued,34,interaction,members,association,https://sites.google.com/site/ucinetsoftware/datasets/zacharykarateclub,Valued network of interaction ties in a karate club where higher values indicate more interaction.,NA,TRUE,FALSE,0.139037433,0.139037433,FALSE
Police Precinct Interaction,14,interaction,precinct,association,NA,"Network of interaction between police precincts in Buffalo, NY.",NA,TRUE,FALSE,0.318681319,0.318681319,FALSE
Carter Administration 1,18,interaction,employee,support,NA,Network of interaction among the Carter administration at year 1.,NA,TRUE,FALSE,0.130718954,0.130718954,FALSE
Carter Administration 2,12,interaction,employee,support,NA,Network of interaction among the Carter administration at year 4.,NA,TRUE,FALSE,0.545454545,0.545454545,FALSE
Needle Sharing 1,293,interaction,drug users,exchange,NA,Network of lending drug needles in Hartford.,NA,TRUE,FALSE,0.003938941,0.003938941,FALSE
Needle Sharing 2,61,interaction,drug users,exchange,NA,Smaller subsample of the drugnet network of lending drug needles in Hartford.,NA,TRUE,FALSE,0.101912568,0.101912568,FALSE
Actor Costarring,111,costarring,actors,association,NA,Film actors/actresses who costarred in movies together. The diagonal represents the number of movies each actor individually starred in.,NA,TRUE,TRUE,0.228583129,0.272481572,FALSE
Communication Network 1,44,communication,people,perception,NA,Communication network perceived by one actor in the network.,NA,TRUE,FALSE,0.069767442,0.069767442,FALSE
Communication Network 2,44,communication,people,perception,NA,Communication network perceived by one actor in the network.,NA,TRUE,FALSE,0.026955603,0.026955603,FALSE
Communication Network 3,44,communication,people,perception,NA,Communication network perceived by one actor in the network.,NA,TRUE,FALSE,0.068181818,0.068181818,FALSE
Communication Network 4,44,communication,people,perception,NA,Communication network perceived by one actor in the network.,NA,TRUE,FALSE,0.024312896,0.024312896,FALSE
Communication Network 5,44,communication,people,perception,NA,Communication network perceived by one actor in the network.,NA,TRUE,FALSE,0.044926004,0.044926004,FALSE
Communication Network 6,44,communication,people,perception,NA,Communication network perceived by one actor in the network.,NA,TRUE,FALSE,0.050739958,0.050739958,FALSE
Communication Network 7,44,communication,people,perception,NA,Communication network perceived by one actor in the network.,NA,TRUE,FALSE,0.068181818,0.068181818,FALSE
Communication Network 8,44,communication,people,perception,NA,Communication network perceived by one actor in the network.,NA,TRUE,FALSE,0.069238901,0.069238901,FALSE
Communication Network 9,44,communication,people,perception,NA,Communication network perceived by one actor in the network.,NA,TRUE,FALSE,0.068181818,0.068181818,FALSE
Communication Network 10,44,communication,people,perception,NA,Communication network perceived by one actor in the network.,NA,TRUE,FALSE,0.068710359,0.068710359,FALSE
Communication Network 11,44,communication,people,perception,NA,Communication network perceived by one actor in the network.,NA,TRUE,FALSE,0.069767442,0.069767442,FALSE
Communication Network 12,44,communication,people,perception,NA,Communication network perceived by one actor in the network.,NA,TRUE,FALSE,0.065010571,0.065010571,FALSE
Communication Network 13,44,communication,people,perception,NA,Communication network perceived by one actor in the network.,NA,TRUE,FALSE,0.045454545,0.045454545,FALSE
Communication Network 14,44,communication,people,perception,NA,Communication network perceived by one actor in the network.,NA,TRUE,FALSE,0.065010571,0.065010571,FALSE
Communication Network 15,44,communication,people,perception,NA,Communication network perceived by one actor in the network.,NA,TRUE,FALSE,0.045454545,0.045454545,FALSE
Communication Network 16,44,communication,people,perception,NA,Communication network perceived by one actor in the network.,NA,TRUE,FALSE,0.069767442,0.069767442,FALSE
Communication Network 17,44,communication,people,perception,NA,Communication network perceived by one actor in the network.,NA,TRUE,FALSE,0.069767442,0.069767442,FALSE
Communication Network 18,44,communication,people,perception,NA,Communication network perceived by one actor in the network.,NA,TRUE,FALSE,0.068710359,0.068710359,FALSE
Communication Network 19,44,communication,people,perception,NA,Communication network perceived by one actor in the network.,NA,TRUE,FALSE,0.012156448,0.012156448,FALSE
Communication Network 20,44,communication,people,perception,NA,Communication network perceived by one actor in the network.,NA,TRUE,FALSE,0.033298097,0.033298097,FALSE
Communication Network 21,44,communication,people,perception,NA,Communication network perceived by one actor in the network.,NA,TRUE,FALSE,0.069767442,0.069767442,FALSE
Communication Network 22,44,communication,people,perception,NA,Communication network perceived by one actor in the network.,NA,TRUE,FALSE,0.044397463,0.044397463,FALSE
Communication Network 23,44,communication,people,perception,NA,Communication network perceived by one actor in the network.,NA,TRUE,FALSE,0.045454545,0.045454545,FALSE
Communication Network 24,44,communication,people,perception,NA,Communication network perceived by one actor in the network.,NA,TRUE,FALSE,0.068710359,0.068710359,FALSE
Communication Network 25,44,communication,people,perception,NA,Communication network perceived by one actor in the network.,NA,TRUE,FALSE,0.002642706,0.002642706,FALSE
Communication Network 26,44,communication,people,perception,NA,Communication network perceived by one actor in the network.,NA,TRUE,FALSE,0.054968288,0.054968288,FALSE
Communication Network 27,44,communication,people,perception,NA,Communication network perceived by one actor in the network.,NA,TRUE,FALSE,0.032241015,0.032241015,FALSE
Communication Network 28,44,communication,people,perception,NA,Communication network perceived by one actor in the network.,NA,TRUE,FALSE,0.069767442,0.069767442,FALSE
Communication Network 29,44,communication,people,perception,NA,Communication network perceived by one actor in the network.,NA,TRUE,FALSE,0.049682875,0.049682875,FALSE
Communication Network 30,44,communication,people,perception,NA,Communication network perceived by one actor in the network.,NA,TRUE,FALSE,0.049682875,0.049682875,FALSE
Communication Network 31,44,communication,people,perception,NA,Communication network perceived by one actor in the network.,NA,TRUE,FALSE,0.044926004,0.044926004,FALSE
Communication Network 32,44,communication,people,perception,NA,Communication network perceived by one actor in the network.,NA,TRUE,FALSE,0.038054968,0.038054968,FALSE
Communication Network 33,44,communication,people,perception,NA,Communication network perceived by one actor in the network.,NA,TRUE,FALSE,0.067124736,0.067124736,FALSE
Communication Network 34,44,communication,people,perception,NA,Communication network perceived by one actor in the network.,NA,TRUE,FALSE,0.069767442,0.069767442,FALSE
Communication Network 35,44,communication,people,perception,NA,Communication network perceived by one actor in the network.,NA,TRUE,FALSE,0.032241015,0.032241015,FALSE
Communication Network 36,44,communication,people,perception,NA,Communication network perceived by one actor in the network.,NA,TRUE,FALSE,0.011099366,0.011099366,FALSE
Communication Network 37,44,communication,people,perception,NA,Communication network perceived by one actor in the network.,NA,TRUE,FALSE,0.028012685,0.028012685,FALSE
Communication Network 38,44,communication,people,perception,NA,Communication network perceived by one actor in the network.,NA,TRUE,FALSE,0.069767442,0.069767442,FALSE
Communication Network 39,44,communication,people,perception,NA,Communication network perceived by one actor in the network.,NA,TRUE,FALSE,0.036469345,0.036469345,FALSE
Villager Food Sharing,25,food sharing,villagers,exchange,NA,Valued network of food sharing in a village in Venezuela. ,NA,TRUE,TRUE,0.711666667,4.785,FALSE
Villager Kinship 1,25,mother-offspring ties,villagers,kinship,NA,Network indicating which villagers are mother-offspring pairs,NA,TRUE,FALSE,0.063333333,0.063333333,FALSE
Villager Kinship 2,25,full-sibling ties,villagers,kinship,NA,Network indicating which villagers are full-sibling pairs,NA,TRUE,FALSE,0.12,0.12,FALSE
Villager Kinship 3,25,close kin pairs,villagers,kinship,NA,Network indicating which villagers are close kin,NA,TRUE,FALSE,0.213333333,0.213333333,FALSE
Villager Kinship 4,25,other kind ties,villagers,kinship,NA,"Network indicating which villagers are other kin (not mother/offspring, full-sibling, or close)",NA,TRUE,FALSE,0.256666667,0.256666667,FALSE
Character Co-Occurrence,77,co-occurrence,characters,association,NA,Valued Les Mis_rables_co-occurrence matrix,NA,TRUE,TRUE,0.086807929,0.28024607,FALSE
Office Advice,75,advice,employee,support,NA,Network of advice giving in an office,NA,TRUE,FALSE,0.085585586,0.085585586,FALSE
Office Conflict,75,conflict,employee,friendship,NA,Valued network of conflict in an office.,NA,TRUE,TRUE,0.132612613,0.184504505,FALSE
Student Acquantance 1,22,acquantanceship,student,association,NA,Network of students who know one another,NA,TRUE,FALSE,0.731601732,0.731601732,FALSE
Student Socialize,22,socialize,student,friendship,NA,Network of students who socialize with one another,NA,TRUE,FALSE,0.279220779,0.279220779,FALSE
Student Advice To,22,advice to ,student,support,NA,Network of students where a tie indicates that they give that person advice,NA,TRUE,FALSE,0.272727273,0.272727273,FALSE
Student Advice From,22,advice from,student,support,NA,Network of students where a tie indicates that they get advice from that student,NA,TRUE,FALSE,0.266233766,0.266233766,FALSE
Student Acquantance 2,22,acquantanceship,student,association,NA,Network of students who knew one another,NA,TRUE,FALSE,0.562770563,0.562770563,FALSE
Dug User Association,193,associations,drug users,association,NA,Network of drug users where a tie indicates that they associated at a location together. ,NA,TRUE,FALSE,0.014734456,0.014734456,FALSE
Carbon Flow,51,carbon flow,compartments,ecological,NA,Ecological network of carbon flow.,NA,TRUE,TRUE,0.105882353,0.349081175,FALSE
Terrorism Affiliation ,63,co-affiliation,terrorists,association,NA,Network of terrorists who are affiliated with one another,NA,TRUE,FALSE,0.078853047,0.078853047,FALSE
County_Email_1,21,email,manager,support,http://ssrn.com/abstract=2772975,This is a network of all emails sent between department managers in a North Carolina county over a 3 month period in 2013.,,TRUE,TRUE,0.29047619,3.014285714,FALSE
County_Email_2,20,email,manager,support,http://ssrn.com/abstract=2772976,This is a network of all emails sent between department managers in a North Carolina county over a 3 month period in 2013.,,TRUE,TRUE,0.097368421,0.410526316,FALSE
County_Email_3,23,email,manager,support,http://ssrn.com/abstract=2772977,This is a network of all emails sent between department managers in a North Carolina county over a 3 month period in 2013.,,TRUE,TRUE,0.286561265,5.416996047,FALSE
County_Email_4,24,email,manager,support,http://ssrn.com/abstract=2772978,This is a network of all emails sent between department managers in a North Carolina county over a 3 month period in 2013.,,TRUE,TRUE,0.315217391,2.938405797,FALSE
County_Email_5,27,email,manager,support,http://ssrn.com/abstract=2772979,This is a network of all emails sent between department managers in a North Carolina county over a 3 month period in 2013.,,TRUE,TRUE,0.353276353,7.06980057,FALSE
County_Email_6,27,email,manager,support,http://ssrn.com/abstract=2772980,This is a network of all emails sent between department managers in a North Carolina county over a 3 month period in 2013.,,TRUE,TRUE,0.323361823,3.323361823,FALSE
County_Email_7,24,email,manager,support,http://ssrn.com/abstract=2772981,This is a network of all emails sent between department managers in a North Carolina county over a 3 month period in 2013.,,TRUE,TRUE,0.35326087,3.070652174,FALSE
County_Email_8,24,email,manager,support,http://ssrn.com/abstract=2772982,This is a network of all emails sent between department managers in a North Carolina county over a 3 month period in 2013.,,TRUE,TRUE,0.226449275,2.93115942,FALSE
County_Email_9,20,email,manager,support,http://ssrn.com/abstract=2772983,This is a network of all emails sent between department managers in a North Carolina county over a 3 month period in 2013.,,TRUE,TRUE,0.231578947,1.581578947,FALSE
County_Email_10,22,email,manager,support,http://ssrn.com/abstract=2772984,This is a network of all emails sent between department managers in a North Carolina county over a 3 month period in 2013.,,TRUE,TRUE,0.207792208,1.4004329,FALSE
County_Email_11,17,email,manager,support,http://ssrn.com/abstract=2772985,This is a network of all emails sent between department managers in a North Carolina county over a 3 month period in 2013.,,TRUE,TRUE,0.238970588,1.371323529,FALSE
County_Email_12,18,email,manager,support,http://ssrn.com/abstract=2772986,This is a network of all emails sent between department managers in a North Carolina county over a 3 month period in 2013.,,TRUE,TRUE,0.323529412,3.261437908,FALSE
County_Email_13,19,email,manager,support,http://ssrn.com/abstract=2772987,This is a network of all emails sent between department managers in a North Carolina county over a 3 month period in 2013.,,TRUE,TRUE,0.269005848,3.83625731,FALSE
County_Email_14,21,email,manager,support,http://ssrn.com/abstract=2772988,This is a network of all emails sent between department managers in a North Carolina county over a 3 month period in 2013.,,TRUE,TRUE,0.342857143,4.892857143,FALSE
County_Email_15,20,email,manager,support,http://ssrn.com/abstract=2772989,This is a network of all emails sent between department managers in a North Carolina county over a 3 month period in 2013.,,TRUE,TRUE,0.534210526,7.239473684,FALSE
County_Email_16,18,email,manager,support,http://ssrn.com/abstract=2772990,This is a network of all emails sent between department managers in a North Carolina county over a 3 month period in 2013.,,TRUE,TRUE,0.173202614,0.885620915,FALSE
County_Email_17,17,email,manager,support,http://ssrn.com/abstract=2772991,This is a network of all emails sent between department managers in a North Carolina county over a 3 month period in 2013.,,TRUE,TRUE,0.169117647,1.246323529,FALSE
Congress_Cosponosrship_93,101,co-sponsorship,senator,support,http://jhfowler.ucsd.edu/cosponsorship.htm,This is a network measuring the number of times Senator I cosponsored a bill sponsored by senator j during a session of congress.,93rd Congress,TRUE,TRUE,0.453267327,1.162871287,FALSE
Congress_Cosponosrship_94,100,co-sponsorship,senator,support,http://jhfowler.ucsd.edu/cosponsorship.htm,This is a network measuring the number of times Senator I cosponsored a bill sponsored by senator j during a session of congress.,94th Congress,TRUE,TRUE,0.423737374,0.971010101,FALSE
Congress_Cosponosrship_95,104,co-sponsorship,senator,support,http://jhfowler.ucsd.edu/cosponsorship.htm,This is a network measuring the number of times Senator I cosponsored a bill sponsored by senator j during a session of congress.,95th Congress,TRUE,TRUE,0.390963406,0.835698282,FALSE
Congress_Cosponosrship_96,101,co-sponsorship,senator,support,http://jhfowler.ucsd.edu/cosponsorship.htm,This is a network measuring the number of times Senator I cosponsored a bill sponsored by senator j during a session of congress.,96th Congress,TRUE,TRUE,0.408118812,0.866732673,FALSE
Congress_Cosponosrship_97,101,co-sponsorship,senator,support,http://jhfowler.ucsd.edu/cosponsorship.htm,This is a network measuring the number of times Senator I cosponsored a bill sponsored by senator j during a session of congress.,97th Congress,TRUE,TRUE,0.464554455,1.010990099,FALSE
Congress_Cosponosrship_98,101,co-sponsorship,senator,support,http://jhfowler.ucsd.edu/cosponsorship.htm,This is a network measuring the number of times Senator I cosponsored a bill sponsored by senator j during a session of congress.,98th Congress,TRUE,TRUE,0.537029703,1.206930693,FALSE
Congress_Cosponosrship_99,101,co-sponsorship,senator,support,http://jhfowler.ucsd.edu/cosponsorship.htm,This is a network measuring the number of times Senator I cosponsored a bill sponsored by senator j during a session of congress.,99th Congress,TRUE,TRUE,0.509306931,1.235544554,FALSE
Congress_Cosponosrship_100,101,co-sponsorship,senator,support,http://jhfowler.ucsd.edu/cosponsorship.htm,This is a network measuring the number of times Senator I cosponsored a bill sponsored by senator j during a session of congress.,100th Congress,TRUE,TRUE,0.562871287,1.431287129,FALSE
Congress_Cosponosrship_101,101,co-sponsorship,senator,support,http://jhfowler.ucsd.edu/cosponsorship.htm,This is a network measuring the number of times Senator I cosponsored a bill sponsored by senator j during a session of congress.,101st Congress,TRUE,TRUE,0.596138614,1.598811881,FALSE
Congress_Cosponosrship_102,102,co-sponsorship,senator,support,http://jhfowler.ucsd.edu/cosponsorship.htm,This is a network measuring the number of times Senator I cosponsored a bill sponsored by senator j during a session of congress.,102nd Congress,TRUE,TRUE,0.601242477,1.595418365,FALSE
Congress_Cosponosrship_103,101,co-sponsorship,senator,support,http://jhfowler.ucsd.edu/cosponsorship.htm,This is a network measuring the number of times Senator I cosponsored a bill sponsored by senator j during a session of congress.,103rd Congress,TRUE,TRUE,0.503564356,1.116039604,FALSE
Congress_Cosponosrship_104,102,co-sponsorship,senator,support,http://jhfowler.ucsd.edu/cosponsorship.htm,This is a network measuring the number of times Senator I cosponsored a bill sponsored by senator j during a session of congress.,104th Congress,TRUE,TRUE,0.413123665,0.873422636,FALSE
Congress_Cosponosrship_105,100,co-sponsorship,senator,support,http://jhfowler.ucsd.edu/cosponsorship.htm,This is a network measuring the number of times Senator I cosponsored a bill sponsored by senator j during a session of congress.,105th Congress,TRUE,TRUE,0.504141414,1.225151515,FALSE
Congress_Cosponosrship_106,102,co-sponsorship,senator,support,http://jhfowler.ucsd.edu/cosponsorship.htm,This is a network measuring the number of times Senator I cosponsored a bill sponsored by senator j during a session of congress.,106th Congress,TRUE,TRUE,0.633760435,1.720733838,FALSE
Congress_Cosponosrship_107,101,co-sponsorship,senator,support,http://jhfowler.ucsd.edu/cosponsorship.htm,This is a network measuring the number of times Senator I cosponsored a bill sponsored by senator j during a session of congress.,107th Congress,TRUE,TRUE,0.581683168,1.549009901,FALSE
Congress_Cosponosrship_108,100,co-sponsorship,senator,support,http://jhfowler.ucsd.edu/cosponsorship.htm,This is a network measuring the number of times Senator I cosponsored a bill sponsored by senator j during a session of congress.,108th Congress,TRUE,TRUE,0.607777778,1.616868687,FALSE
Congress_Cosponosrship_109,101,co-sponsorship,senator,support,http://jhfowler.ucsd.edu/cosponsorship.htm,This is a network measuring the number of times Senator I cosponsored a bill sponsored by senator j during a session of congress.,109th Congress,TRUE,TRUE,0.603960396,1.696039604,FALSE
Congress_Cosponosrship_110,102,co-sponsorship,senator,support,http://jhfowler.ucsd.edu/cosponsorship.htm,This is a network measuring the number of times Senator I cosponsored a bill sponsored by senator j during a session of congress.,110th Congress,TRUE,TRUE,0.622694622,1.996505533,FALSE
Bison,26,dominance,bison,ecological,http://moreno.ss.uci.edu/data.html#bison,Bison network with each edge representing a dominance relationship between bison in a herd,,TRUE,FALSE,0.483076923,0.483076923,FALSE
Dolphins,62,frequent associations,dolphins,ecological,http://www-personal.umich.edu/~mejn/netdata/,Frequent associations between dolphins,,TRUE,FALSE,0.042041248,0.042041248,FALSE
Kangaroo,17,interaction,kangaroos,ecological,http://moreno.ss.uci.edu/data.html#kangaroo,Interactions between free-ranging kangaroos,,TRUE,FALSE,0.334558824,0.334558824,FALSE
Rhesus,16,grooming,rhesus monkeys,ecological,http://moreno.ss.uci.edu/data.html#rhesus,Each edge denotes that a monkey groomed another (weighted and directed),,TRUE,FALSE,0.4625,0.4625,FALSE
Zebra,27,interaction,zebra,ecological,http://moreno.ss.uci.edu/data.html#zebra,Interactions between free-ranging zebras,,TRUE,FALSE,0.158119658,0.158119658,FALSE
Cattle,28,dominance,cattle,ecological,http://moreno.ss.uci.edu/data.html#cattle,Dominance relationship between cattle,,TRUE,FALSE,0.287037037,0.287037037,FALSE
Hens,32,dominance,hens,ecological,http://moreno.ss.uci.edu/data.html#hens,Dominance relationship between hens,,TRUE,FALSE,0.5,0.5,FALSE
Macaques,62,dominance,macaques,ecological,http://moreno.ss.uci.edu/data.html#mac,Dominance relationship between macaques,,TRUE,FALSE,0.313855103,0.313855103,FALSE
Sheep,28,dominance,sheep,ecological,http://moreno.ss.uci.edu/data.html#sheep,Dominance relationships between female bighorn sheep (directed, weighted by how often dominance behavior occurred),TRUE,FALSE,0.330687831,0.330687831,FALSE
UCI_Staff,1899,sent messages,employee,support,https://toreopsahl.com/datasets/#online_social_network,Email communication network between staff at UC Irvine (directed),,TRUE,TRUE,0.005631049,0.016600995,FALSE
Infectious_Conference,410,Face-to-face contact,attendees,association,http://www.sociopatterns.org/,Face-to-face contacts at Infectious Diseases conference,,TRUE,TRUE,0.016488759,0.103154631,FALSE
Train_Bombing,64,interaction,terrorists,support,http://moreno.ss.uci.edu/data.html#train,Contacts between terrorists involved in the Madrid train bombing,,TRUE,FALSE,0.060267857,0.060267857,FALSE
Hypertext_Conference,113,interaction,attendees,association,http://www.sociopatterns.org/,Face-to-face contacts at Hypertext 2009 Conference,,TRUE,TRUE,0.173514539,1.644911504,FALSE
Windsurfers,336,interaction,windsurfers,friendship,http://moreno.ss.uci.edu/data.html#beach,Contact between windsurfers in California during 1986 season,,TRUE,FALSE,0.186046512,0.186046512,FALSE
Jazz_Musicians,198,collaboration,musicians,exchange,http://deim.urv.cat/~alexandre.arenas/data/welcome.htm,Collaboration between Jazz Musicians,,TRUE,FALSE,0.070296877,0.070296877,FALSE
ResHall_Friendship,217,friendship,student,friendship,http://moreno.ss.uci.edu/data.html#oz,Friendship between students in a Residence Hall at ANU,,TRUE,FALSE,0.057006315,0.057006315,FALSE
Seventh_Graders,29,Preferred activity,student,friendship,http://moreno.ss.uci.edu/data.html#seventh,Seventh-graders nominated a classmate for three preferred activities,,TRUE,FALSE,0.463054187,0.463054187,FALSE
Dutch_College,32,friendship,student,friendship,http://moreno.ss.uci.edu/data.html#vdb,Friendship ratings between university students at a dutch college,,TRUE,FALSE,0.001741186,0.001741186,FALSE
Euroads,1174,roads,cities,transportation,lovro.lpt.fri.uni-lj.si/support.jsp,Road connections between major European cities,,TRUE,FALSE,0.001028972,0.001028972,FALSE
US_Airports,1574,airports,flights,transportation,https://toreopsahl.com/datasets/#usairports,Flights between major US airports,,TRUE,FALSE,0.011404329,0.011404329,FALSE
Metabolic_Roundworms,453,interaction,metabolites,biological,http://deim.urv.cat/~alexandre.arenas/data/welcome.htm,Connections between metabolic proteins in roundworms.,,TRUE,TRUE,0.009963078,0.022446229,FALSE
Human_Proteins,1706,interaction,proteins,biological,http://research.mssm.edu/maayan/datasets/qualitative_networks.shtml,Human protein metabolic interactions,,TRUE,FALSE,0.002133921,0.002133921,FALSE
PDZbase,212,interaction,proteins,biological,http://research.mssm.edu/maayan/datasets/qualitative_networks.shtml,Protein interactions in PDZbase,,TRUE,FALSE,0.005454708,0.005454708,FALSE
Harry_Potter_1,64,Peer support,student,support,https://www.stats.ox.ac.uk/~snijders/siena/HarryPotterData.html,"Data represents peer support network from the famous Harry Potter book #1. For temporal structure and sample code, visit the source page.",http://dx.doi.org/10.4236/ojapps.2013.32024,TRUE,FALSE,0.011656746,0.011656746,FALSE
Harry_Potter_2,64,Peer support,student,support,https://www.stats.ox.ac.uk/~snijders/siena/HarryPotterData.html,"Data represents peer support network from the famous Harry Potter book #2. For temporal structure and sample code, visit the source page.",http://dx.doi.org/10.4236/ojapps.2013.32024,TRUE,FALSE,0.027281746,0.027281746,FALSE
Harry_Potter_3,64,Peer support,student,support,https://www.stats.ox.ac.uk/~snijders/siena/HarryPotterData.html,"Data represents peer support network from the famous Harry Potter book #3. For temporal structure and sample code, visit the source page.",http://dx.doi.org/10.4236/ojapps.2013.32024,TRUE,FALSE,0.025793651,0.025793651,FALSE
Harry_Potter_4,64,Peer support,student,support,https://www.stats.ox.ac.uk/~snijders/siena/HarryPotterData.html,"Data represents peer support network from the famous Harry Potter book #4. For temporal structure and sample code, visit the source page.",http://dx.doi.org/10.4236/ojapps.2013.32024,TRUE,FALSE,0.012152778,0.012152778,FALSE
Harry_Potter_5,64,Peer support,student,support,https://www.stats.ox.ac.uk/~snijders/siena/HarryPotterData.html,"Data represents peer support network from the famous Harry Potter book #5. For temporal structure and sample code, visit the source page.",http://dx.doi.org/10.4236/ojapps.2013.32024,TRUE,FALSE,0.03968254,0.03968254,FALSE
Harry_Potter_6,64,Peer support,student,support,https://www.stats.ox.ac.uk/~snijders/siena/HarryPotterData.html,"Data represents peer support network from the famous Harry Potter book #6. For temporal structure and sample code, visit the source page.",http://dx.doi.org/10.4236/ojapps.2013.32024,TRUE,FALSE,0.018353175,0.018353175,FALSE
Dutch_School1_Friendship_Deliquency_1,26,friendship,student,friendship,https://www.stats.ox.ac.uk/~snijders/siena/tutorial2010_data.htm,Students in a Dutch secondary school were followed over a period of one year to study friendships and deliquency. This is data for the first wave,http://www.stats.ox.ac.uk/~snijders/SnijdersSteglichVdBunt2009.pdf,TRUE,FALSE,0.14,0.14,FALSE
Dutch_School1_Friendship_Deliquency_2,26,friendship,student,friendship,https://www.stats.ox.ac.uk/~snijders/siena/tutorial2010_data.htm,Students in a Dutch secondary school were followed over a period of one year to study friendships and deliquency. This is data for the second wave,http://www.stats.ox.ac.uk/~snijders/SnijdersSteglichVdBunt2009.pdf,TRUE,TRUE,0.221538462,0.541538462,FALSE
Dutch_School1_Friendship_Deliquency_3,26,friendship,student,friendship,https://www.stats.ox.ac.uk/~snijders/siena/tutorial2010_data.htm,Students in a Dutch secondary school were followed over a period of one year to study friendships and deliquency. This is data for the third wave,http://www.stats.ox.ac.uk/~snijders/SnijdersSteglichVdBunt2009.pdf,TRUE,TRUE,0.36,1.681538462,FALSE
Dutch_School1_Friendship_Deliquency_4,26,friendship,student,friendship,https://www.stats.ox.ac.uk/~snijders/siena/tutorial2010_data.htm,Students in a Dutch secondary school were followed over a period of one year to study friendships and deliquency. This is data for the fourth wave,http://www.stats.ox.ac.uk/~snijders/SnijdersSteglichVdBunt2009.pdf,TRUE,TRUE,0.261538462,0.967692308,FALSE
Dutch_School1_Friendship,26,Same primary school,student,association,https://www.stats.ox.ac.uk/~snijders/siena/tutorial2010_data.htm,Students in a Dutch secondary school were followed over a period of one year to study friendships and deliquency. This network denotes whether 2 students went to the same primary school. Deliquency and alcohol use data for all waves appended,http://www.stats.ox.ac.uk/~snijders/SnijdersSteglichVdBunt2009.pdf,TRUE,FALSE,0.133846154,0.133846154,FALSE
Groningen_Freshmen_Friendship_1,38,friendship,student,friendship,https://www.stats.ox.ac.uk/~snijders/siena/vDuijn_data.htm,"Data collected from among the freshman cohort majoring in Sociology in the University of Groningen in 1996-1997. First of the five questionnaires regarding friendships, conducted at the start of the year",http://www.tandfonline.com/doi/abs/10.1080/00222500305889,TRUE,TRUE,0.046230441,0.295163585,FALSE
Groningen_Freshmen_Friendship_2,38,friendship,student,friendship,https://www.stats.ox.ac.uk/~snijders/siena/vDuijn_data.htm,"Data collected from among the freshman cohort majoring in Sociology in the University of Groningen in 1996-1997. Second of the five questionnaires regarding friendships, , conducted 3 weeks into the program",http://www.tandfonline.com/doi/abs/10.1080/00222500305889,TRUE,TRUE,0.645803698,4.339260313,FALSE
Groningen_Freshmen_Friendship_3,38,friendship,student,friendship,https://www.stats.ox.ac.uk/~snijders/siena/vDuijn_data.htm,"Data collected from among the freshman cohort majoring in Sociology in the University of Groningen in 1996-1997. Third of the five questionnaires regarding friendships, conducted 6 weeks into the program",http://www.tandfonline.com/doi/abs/10.1080/00222500305889,TRUE,TRUE,0.694167852,4.463015647,FALSE
Groningen_Freshmen_Friendship_4,38,friendship,student,friendship,https://www.stats.ox.ac.uk/~snijders/siena/vDuijn_data.htm,"Data collected from among the freshman cohort majoring in Sociology in the University of Groningen in 1996-1997. Fourth of the five questionnaires regarding friendships, conducted 13 weeks into the program",http://www.tandfonline.com/doi/abs/10.1080/00222500305889,TRUE,TRUE,0.832147937,6.049786629,FALSE
Groningen_Freshmen_Friendship_5,38,friendship,student,friendship,https://www.stats.ox.ac.uk/~snijders/siena/vDuijn_data.htm,"Data collected from among the freshman cohort majoring in Sociology in the University of Groningen in 1996-1997. Fifth of the five questionnaires regarding friendships, conducted 35 weeks into the program",http://www.tandfonline.com/doi/abs/10.1080/00222500305889,TRUE,TRUE,0.843527738,6.097439545,FALSE
Teenage_Friends_Lifestyle_subset_1,50,friendship,student,friendship,https://www.stats.ox.ac.uk/~snijders/siena/s50_data.htm,Excerpt of 50 girls from theTeenage Friends and Lifestyle Studydata set; studying friendships and substance use. This data is for first wave in 1995,,TRUE,FALSE,0.046122449,0.046122449,FALSE
Teenage_Friends_Lifestyle_subset_2,50,friendship,student,friendship,https://www.stats.ox.ac.uk/~snijders/siena/s50_data.htm,Excerpt of 50 girls from theTeenage Friends and Lifestyle Studydata set; studying friendships and substance use. This data is for second wave in 1996,,TRUE,FALSE,0.047346939,0.047346939,FALSE
Teenage_Friends_Lifestyle_subset_3,50,friendship,student,friendship,https://www.stats.ox.ac.uk/~snijders/siena/s50_data.htm,Excerpt of 50 girls from theTeenage Friends and Lifestyle Studydata set; studying friendships and substance use. This data is for third wave in 1997,,TRUE,FALSE,0.049795918,0.049795918,FALSE
Teenage_Friends_Lifestyle_original_1,160,friendship,student,friendship,https://www.stats.ox.ac.uk/~snijders/siena/Glasgow_data.htm,First wave of originalTeenage Friends and Lifestyle Studydata set; studying friendships and substance use (1995). Refer to source for more dyadic variables,,TRUE,TRUE,0.109198113,0.903105346,TRUE
Teenage_Friends_Lifestyle_original_2,160,friendship,student,friendship,https://www.stats.ox.ac.uk/~snijders/siena/Glasgow_data.htm,First wave of originalTeenage Friends and Lifestyle Studydata set; studying friendships and substance use (1995). Refer to source for more dyadic variables,,TRUE,TRUE,0.118396226,1.017963836,TRUE
Teenage_Friends_Lifestyle_original_3,160,friendship,student,friendship,https://www.stats.ox.ac.uk/~snijders/siena/Glasgow_data.htm,First wave of originalTeenage Friends and Lifestyle Studydata set; studying friendships and substance use (1995). Refer to source for more dyadic variables,,TRUE,TRUE,0.266352201,2.502633648,TRUE
Law_Firm_Partners_Advice,36,Advice,lawyer,support,https://www.stats.ox.ac.uk/~snijders/siena/Lazega_lawyers_data.htm,Network study of corporate law partnership. This is the advice network among the partners in the firm,https://www.stats.ox.ac.uk/~snijders/siena/Lazega_lawyers_data.htm,TRUE,FALSE,0.313492063,0.313492063,FALSE
Law_Firm_Lawyers_Advice,71,Advice,lawyer,support,https://www.stats.ox.ac.uk/~snijders/siena/Lazega_lawyers_data.htm,Network study of corporate law partnership. This is the advice network among all lawyers in the firm,https://www.stats.ox.ac.uk/~snijders/siena/Lazega_lawyers_data.htm,TRUE,FALSE,0.179476861,0.179476861,FALSE
Law_Firm_Partners_Coworker,36,Coworkers,lawyer,association,https://www.stats.ox.ac.uk/~snijders/siena/Lazega_lawyers_data.htm,Network study of corporate law partnership. This is the coworkers network among the partners in the firm,https://www.stats.ox.ac.uk/~snijders/siena/Lazega_lawyers_data.htm,TRUE,FALSE,0.182539683,0.182539683,FALSE
Law_Firm_Lawyers_Coworker,71,Coworkers,lawyer,association,https://www.stats.ox.ac.uk/~snijders/siena/Lazega_lawyers_data.htm,Network study of corporate law partnership. This is the coworkers network among all lawyers in the firm,https://www.stats.ox.ac.uk/~snijders/siena/Lazega_lawyers_data.htm,TRUE,FALSE,0.152112676,0.152112676,FALSE
Law_Firm_Partners_Friendship,36,friendship,lawyer,friendship,https://www.stats.ox.ac.uk/~snijders/siena/Lazega_lawyers_data.htm,Network study of corporate law partnership. This is the friendship network among the partners in the firm,https://www.stats.ox.ac.uk/~snijders/siena/Lazega_lawyers_data.htm,TRUE,FALSE,0.211904762,0.211904762,FALSE
Law_Firm_Lawyers_Friendship,71,friendship,lawyer,friendship,https://www.stats.ox.ac.uk/~snijders/siena/Lazega_lawyers_data.htm,Network study of corporate law partnership. This is the friendship network among all lawyers in the firm,https://www.stats.ox.ac.uk/~snijders/siena/Lazega_lawyers_data.htm,TRUE,FALSE,0.115694165,0.115694165,FALSE
Dutch_School2_Friendship_Deliquency_1,45,friendship,student,friendship,https://www.stats.ox.ac.uk/~snijders/siena/BaerveldtData.html,"Evolution of friendship network and deliquent behavior collected in Dutch Social Behavior study. School 1, wave 1 (grade 3)",https://www.stats.ox.ac.uk/~snijders/siena/cb.html,TRUE,FALSE,0.052525253,0.052525253,FALSE
Dutch_School2_Friendship_Deliquency_2,45,friendship,student,friendship,https://www.stats.ox.ac.uk/~snijders/siena/BaerveldtData.html,"Evolution of friendship network and deliquent behavior collected in Dutch Social Behavior study. School 1, wave 2 (grade 4)",https://www.stats.ox.ac.uk/~snijders/siena/cb.html,TRUE,FALSE,0.071717172,0.071717172,FALSE
Dutch_School3_Friendship_Deliquency_1,37,friendship,student,friendship,https://www.stats.ox.ac.uk/~snijders/siena/BaerveldtData.html,"Evolution of friendship network and deliquent behavior collected in Dutch Social Behavior study. School 3, wave 1 (grade 3)",https://www.stats.ox.ac.uk/~snijders/siena/cb.html,TRUE,FALSE,0.029279279,0.029279279,FALSE
Dutch_School3_Friendship_Deliquency_2,37,friendship,student,friendship,https://www.stats.ox.ac.uk/~snijders/siena/BaerveldtData.html,"Evolution of friendship network and deliquent behavior collected in Dutch Social Behavior study. School 3, wave 2 (grade 4)",https://www.stats.ox.ac.uk/~snijders/siena/cb.html,TRUE,FALSE,0.051801802,0.051801802,FALSE
Dutch_School4_Friendship_Deliquency_1,33,friendship,student,friendship,https://www.stats.ox.ac.uk/~snijders/siena/BaerveldtData.html,"Evolution of friendship network and deliquent behavior collected in Dutch Social Behavior study. School 4, wave 1 (grade 3)",https://www.stats.ox.ac.uk/~snijders/siena/cb.html,TRUE,FALSE,0.042613636,0.042613636,FALSE
Dutch_School4_Friendship_Deliquency_2,33,friendship,student,friendship,https://www.stats.ox.ac.uk/~snijders/siena/BaerveldtData.html,"Evolution of friendship network and deliquent behavior collected in Dutch Social Behavior study. School 4, wave 2 (grade 4)",https://www.stats.ox.ac.uk/~snijders/siena/cb.html,TRUE,FALSE,0.034090909,0.034090909,FALSE
Dutch_School5_Friendship_Deliquency_1,36,friendship,student,friendship,https://www.stats.ox.ac.uk/~snijders/siena/BaerveldtData.html,"Evolution of friendship network and deliquent behavior collected in Dutch Social Behavior study. School 6, wave 1 (grade 3)",https://www.stats.ox.ac.uk/~snijders/siena/cb.html,TRUE,FALSE,0.047619048,0.047619048,FALSE
Dutch_School5_Friendship_Deliquency_2,36,friendship,student,friendship,https://www.stats.ox.ac.uk/~snijders/siena/BaerveldtData.html,"Evolution of friendship network and deliquent behavior collected in Dutch Social Behavior study. School 6, wave 2 (grade 4)",https://www.stats.ox.ac.uk/~snijders/siena/cb.html,TRUE,FALSE,0.06984127,0.06984127,FALSE
Dutch_School6_Friendship_Deliquency_1,54,friendship,student,friendship,https://www.stats.ox.ac.uk/~snijders/siena/BaerveldtData.html,"Evolution of friendship network and deliquent behavior collected in Dutch Social Behavior study. School 7, wave 1 (grade 3)",https://www.stats.ox.ac.uk/~snijders/siena/cb.html,TRUE,FALSE,0.042278127,0.042278127,FALSE
Dutch_School6_Friendship_Deliquency_2,54,friendship,student,friendship,https://www.stats.ox.ac.uk/~snijders/siena/BaerveldtData.html,"Evolution of friendship network and deliquent behavior collected in Dutch Social Behavior study. School 7, wave 2 (grade 4)",https://www.stats.ox.ac.uk/~snijders/siena/cb.html,TRUE,FALSE,0.053808526,0.053808526,FALSE
Dutch_School7_Friendship_Deliquency_1,91,friendship,student,friendship,https://www.stats.ox.ac.uk/~snijders/siena/BaerveldtData.html,"Evolution of friendship network and deliquent behavior collected in Dutch Social Behavior study. School 8, wave 1 (grade 3)",https://www.stats.ox.ac.uk/~snijders/siena/cb.html,TRUE,FALSE,0.021611722,0.021611722,FALSE
Dutch_School7_Friendship_Deliquency_2,91,friendship,student,friendship,https://www.stats.ox.ac.uk/~snijders/siena/BaerveldtData.html,"Evolution of friendship network and deliquent behavior collected in Dutch Social Behavior study. School 8, wave 2 (grade 4)",https://www.stats.ox.ac.uk/~snijders/siena/cb.html,TRUE,FALSE,0.024664225,0.024664225,FALSE
Dutch_School8_Friendship_Deliquency_1,47,friendship,student,friendship,https://www.stats.ox.ac.uk/~snijders/siena/BaerveldtData.html,"Evolution of friendship network and deliquent behavior collected in Dutch Social Behavior study. School 9, wave 1 (grade 3)",https://www.stats.ox.ac.uk/~snijders/siena/cb.html,TRUE,FALSE,0.0453284,0.0453284,FALSE
Dutch_School8_Friendship_Deliquency_2,47,friendship,student,friendship,https://www.stats.ox.ac.uk/~snijders/siena/BaerveldtData.html,"Evolution of friendship network and deliquent behavior collected in Dutch Social Behavior study. School 9, wave 2 (grade 4)",https://www.stats.ox.ac.uk/~snijders/siena/cb.html,TRUE,FALSE,0.047178538,0.047178538,FALSE
Dutch_School9_Friendship_Deliquency_1,31,friendship,student,friendship,https://www.stats.ox.ac.uk/~snijders/siena/BaerveldtData.html,"Evolution of friendship network and deliquent behavior collected in Dutch Social Behavior study. School 10, wave 1 (grade 3)",https://www.stats.ox.ac.uk/~snijders/siena/cb.html,TRUE,FALSE,0.055913978,0.055913978,FALSE
Dutch_School9_Friendship_Deliquency_2,31,friendship,student,friendship,https://www.stats.ox.ac.uk/~snijders/siena/BaerveldtData.html,"Evolution of friendship network and deliquent behavior collected in Dutch Social Behavior study. School 10, wave 2 (grade 4)",https://www.stats.ox.ac.uk/~snijders/siena/cb.html,TRUE,FALSE,0.083870968,0.083870968,FALSE
Dutch_School10_Friendship_Deliquency_1,82,friendship,student,friendship,https://www.stats.ox.ac.uk/~snijders/siena/BaerveldtData.html,"Evolution of friendship network and deliquent behavior collected in Dutch Social Behavior study. School 11, wave 1 (grade 3)",https://www.stats.ox.ac.uk/~snijders/siena/cb.html,TRUE,FALSE,0.015507377,0.015507377,FALSE
Dutch_School10_Friendship_Deliquency_2,82,friendship,student,friendship,https://www.stats.ox.ac.uk/~snijders/siena/BaerveldtData.html,"Evolution of friendship network and deliquent behavior collected in Dutch Social Behavior study. School 11, wave 2 (grade 4)",https://www.stats.ox.ac.uk/~snijders/siena/cb.html,TRUE,FALSE,0.022433002,0.022433002,FALSE
Dutch_School11_Friendship_Deliquency_1,31,friendship,student,friendship,https://www.stats.ox.ac.uk/~snijders/siena/BaerveldtData.html,"Evolution of friendship network and deliquent behavior collected in Dutch Social Behavior study. School 13, wave 1 (grade 3)",https://www.stats.ox.ac.uk/~snijders/siena/cb.html,TRUE,FALSE,0.02688172,0.02688172,FALSE
Dutch_School11_Friendship_Deliquency_2,31,friendship,student,friendship,https://www.stats.ox.ac.uk/~snijders/siena/BaerveldtData.html,"Evolution of friendship network and deliquent behavior collected in Dutch Social Behavior study. School 13, wave 2 (grade 4)",https://www.stats.ox.ac.uk/~snijders/siena/cb.html,TRUE,FALSE,0.041935484,0.041935484,FALSE
Dutch_School12_Friendship_Deliquency_1,90,friendship,student,friendship,https://www.stats.ox.ac.uk/~snijders/siena/BaerveldtData.html,"Evolution of friendship network and deliquent behavior collected in Dutch Social Behavior study. School 14, wave 1 (grade 3)",https://www.stats.ox.ac.uk/~snijders/siena/cb.html,TRUE,FALSE,0.021473159,0.021473159,FALSE
Dutch_School12_Friendship_Deliquency_2,90,friendship,student,friendship,https://www.stats.ox.ac.uk/~snijders/siena/BaerveldtData.html,"Evolution of friendship network and deliquent behavior collected in Dutch Social Behavior study. School 14, wave 2 (grade 4)",https://www.stats.ox.ac.uk/~snijders/siena/cb.html,TRUE,FALSE,0.038202247,0.038202247,FALSE
Dutch_School13_Friendship_Deliquency_1,61,friendship,student,friendship,https://www.stats.ox.ac.uk/~snijders/siena/BaerveldtData.html,"Evolution of friendship network and deliquent behavior collected in Dutch Social Behavior study. School 15, wave 1 (grade 3)",https://www.stats.ox.ac.uk/~snijders/siena/cb.html,TRUE,FALSE,0.022677596,0.022677596,FALSE
Dutch_School13_Friendship_Deliquency_2,61,friendship,student,friendship,https://www.stats.ox.ac.uk/~snijders/siena/BaerveldtData.html,"Evolution of friendship network and deliquent behavior collected in Dutch Social Behavior study. School 15, wave 2 (grade 4)",https://www.stats.ox.ac.uk/~snijders/siena/cb.html,TRUE,FALSE,0.032786885,0.032786885,FALSE
Dutch_School14_Friendship_Deliquency_1,45,friendship,student,friendship,https://www.stats.ox.ac.uk/~snijders/siena/BaerveldtData.html,"Evolution of friendship network and deliquent behavior collected in Dutch Social Behavior study. School 16, wave 1 (grade 3)",https://www.stats.ox.ac.uk/~snijders/siena/cb.html,TRUE,FALSE,0.029292929,0.029292929,FALSE
Dutch_School14_Friendship_Deliquency_2,45,friendship,student,friendship,https://www.stats.ox.ac.uk/~snijders/siena/BaerveldtData.html,"Evolution of friendship network and deliquent behavior collected in Dutch Social Behavior study. School 16, wave 2 (grade 4)",https://www.stats.ox.ac.uk/~snijders/siena/cb.html,TRUE,FALSE,0.035353535,0.035353535,FALSE
Dutch_School15_Friendship_Deliquency_1,38,friendship,student,friendship,https://www.stats.ox.ac.uk/~snijders/siena/BaerveldtData.html,"Evolution of friendship network and deliquent behavior collected in Dutch Social Behavior study. School 18, wave 1 (grade 3)",https://www.stats.ox.ac.uk/~snijders/siena/cb.html,TRUE,FALSE,0.043385491,0.043385491,FALSE
Dutch_School15_Friendship_Deliquency_2,38,friendship,student,friendship,https://www.stats.ox.ac.uk/~snijders/siena/BaerveldtData.html,"Evolution of friendship network and deliquent behavior collected in Dutch Social Behavior study. School 18, wave 2 (grade 4)",https://www.stats.ox.ac.uk/~snijders/siena/cb.html,TRUE,FALSE,0.036984353,0.036984353,FALSE
Dutch_School16_Friendship_Deliquency_1,43,friendship,student,friendship,https://www.stats.ox.ac.uk/~snijders/siena/BaerveldtData.html,"Evolution of friendship network and deliquent behavior collected in Dutch Social Behavior study. School 19, wave 1 (grade 3)",https://www.stats.ox.ac.uk/~snijders/siena/cb.html,TRUE,FALSE,0.049280177,0.049280177,FALSE
Dutch_School16_Friendship_Deliquency_2,43,friendship,student,friendship,https://www.stats.ox.ac.uk/~snijders/siena/BaerveldtData.html,"Evolution of friendship network and deliquent behavior collected in Dutch Social Behavior study. School 19, wave 2 (grade 4)",https://www.stats.ox.ac.uk/~snijders/siena/cb.html,TRUE,FALSE,0.059800664,0.059800664,FALSE
Dutch_School17_Friendship_Deliquency_1,48,friendship,student,friendship,https://www.stats.ox.ac.uk/~snijders/siena/BaerveldtData.html,"Evolution of friendship network and deliquent behavior collected in Dutch Social Behavior study. School 20, wave 1 (grade 3)",https://www.stats.ox.ac.uk/~snijders/siena/cb.html,TRUE,FALSE,0.023049645,0.023049645,FALSE
Dutch_School17_Friendship_Deliquency_2,48,friendship,student,friendship,https://www.stats.ox.ac.uk/~snijders/siena/BaerveldtData.html,"Evolution of friendship network and deliquent behavior collected in Dutch Social Behavior study. School 20, wave 2 (grade 4)",https://www.stats.ox.ac.uk/~snijders/siena/cb.html,TRUE,FALSE,0.02748227,0.02748227,FALSE
Dutch_School18_Friendship_Deliquency_1,53,friendship,student,friendship,https://www.stats.ox.ac.uk/~snijders/siena/BaerveldtData.html,"Evolution of friendship network and deliquent behavior collected in Dutch Social Behavior study. School 21, wave 1 (grade 3)",https://www.stats.ox.ac.uk/~snijders/siena/cb.html,TRUE,FALSE,0.027576197,0.027576197,FALSE
Dutch_School18_Friendship_Deliquency_2,53,friendship,student,friendship,https://www.stats.ox.ac.uk/~snijders/siena/BaerveldtData.html,"Evolution of friendship network and deliquent behavior collected in Dutch Social Behavior study. School 21, wave 2 (grade 4)",https://www.stats.ox.ac.uk/~snijders/siena/cb.html,TRUE,FALSE,0.042815675,0.042815675,FALSE
Dutch_School19_Friendship_Deliquency_1,52,friendship,student,friendship,https://www.stats.ox.ac.uk/~snijders/siena/BaerveldtData.html,"Evolution of friendship network and deliquent behavior collected in Dutch Social Behavior study. School 22, wave 1 (grade 3)",https://www.stats.ox.ac.uk/~snijders/siena/cb.html,TRUE,FALSE,0.033182504,0.033182504,FALSE
Dutch_School19_Friendship_Deliquency_2,52,friendship,student,friendship,https://www.stats.ox.ac.uk/~snijders/siena/BaerveldtData.html,"Evolution of friendship network and deliquent behavior collected in Dutch Social Behavior study. School 22, wave 2 (grade 4)",https://www.stats.ox.ac.uk/~snijders/siena/cb.html,TRUE,FALSE,0.043363499,0.043363499,FALSE
Dutch_School20_Friendship_Deliquency_1,73,friendship,student,friendship,https://www.stats.ox.ac.uk/~snijders/siena/BaerveldtData.html,"Evolution of friendship network and deliquent behavior collected in Dutch Social Behavior study. School 23, wave 1 (grade 3)",https://www.stats.ox.ac.uk/~snijders/siena/cb.html,TRUE,FALSE,0.024543379,0.024543379,FALSE
Dutch_School20_Friendship_Deliquency_2,73,friendship,student,friendship,https://www.stats.ox.ac.uk/~snijders/siena/BaerveldtData.html,"Evolution of friendship network and deliquent behavior collected in Dutch Social Behavior study. School 23, wave 2 (grade 4)",https://www.stats.ox.ac.uk/~snijders/siena/cb.html,TRUE,FALSE,0.031582953,0.031582953,FALSE